{
  "EU28": "Europäische Union (28 Länder)",
  "EU27_2020": "Europäische Union (27 Länder)",
  "EA": "Euroraum (19 Länder)",
  "BE": "Belgien",
  "BG": "Bulgarien",
  "CZ": "Tschechien",
  "DK": "Dänemark",
  "DE": "Deutschland",
  "EE": "Estland",
  "IE": "Irland",
  "EL": "Griechenland",
  "ES": "Spanien",
  "FR": "Frankreich",
  "HR": "Kroatien",
  "IT": "Italien",
  "CY": "Zypern",
  "LV": "Lettland",
  "LT": "Litauen",
  "LU": "Luxemburg",
  "HU": "Ungarn",
  "MT": "Malta",
  "NL": "Niederlande",
  "AT": "Österreich",
  "PL": "Polen",
  "PT": "Portugal",
  "RO": "Rumänien",
  "SI": "Slowenien",
  "SK": "Slowakei",
  "FI": "Finnland",
  "SE": "Schweden",
  "UK": "Vereinigtes Königreich",
  "IS": "Island",
  "LI": "Liechtenstein",
  "NO": "Norwegen",
  "ME": "Montenegro",
  "MK": "NordMazedonien",
  "RS": "Serbien",
  "TR": "Türkei",
  "BA": "Bosnien und Herzegowina",
  "XK": "Kosovo (RSR VN 1244/99)",
  "MD": "Moldawien",
  "UA": "Ukraine",
  "GE": "Georgia",
  "AL": "Albanien",

  "4100": "Gas",
  "6000": "Elektrizität",

  "PRICE_4100": "Gaspreise",
  "PRICE_6000": "Strompreise",

  "HOUSEHOLD": "haushaltliche Verbraucher",
  "N_HOUSEHOLD": "Nichthaushaltliche Verbraucher",

  "4141900": "Alle Bands : Der Verbrauch von GJ",
  "4141901": "Band D1 : Verbrauch < 20 GJ",
  "4141902": "Band D2 : 20 GJ < Verbrauch < 200 GJ",
  "4141903": "Band D3 : Verbrauch > 200 GJ",

  "GJ_LT20": "Band D1 : Verbrauch < 20 GJ",
  "GJ20-199": "Band D2 : 20 GJ < Verbrauch < 200 GJ",
  "GJ_GE200": "Band D3 : Verbrauch > 200 GJ",

  "4142900": "Bands I1-I5 : Verbrauch + <3 999 999 GJ",
  "4142901": "Band I1 : Verbrauch < 1 000 GJ",
  "4142902": "Band I2 : 1 000 GJ < Verbrauch < 10 000 GJ",
  "4142903": "Band I3 : 10 000 GJ < Verbrauch < 100 000 GJ",
  "4142904": "Band I4 : 100 000 GJ < Verbrauch < 1 000 000 GJ",
  "4142905": "Band I5 : 1 000 000 GJ < Verbrauch < 4 000 000 GJ",
  "4142906": "Band I6 : Verbrauch > 4 000 000 GJ",

  "4161900": "Alle bands :  Der Verbrauch von kWh",
  "4161901": "Band DA : Verbrauch < 1 000 kWh",
  "4161902": "Band DB : 1 000 kWh < Verbrauch < 2 500 kWh",
  "4161903": "Band DC : 2 500 kWh < Verbrauch < 5 000 kWh",
  "4161904": "Band DD : 5 000 kWh < Verbrauch < 15 000 kWh",
  "4161905": "Band DE : Verbrauch > 15 000 kWh",

  "4162900": "Bands IA-IF : Verbrauch =< 149 999 MWh",
  "4162901": "Band IA : Verbrauch < 20 MWh",
  "4162902": "Band IB : 20 MWh < Verbrauch < 500 MWh",
  "4162903": "Band IC : 500 MWh < Verbrauch < 2 000 MWh",
  "4162904": "Band ID : 2 000 MWh < Verbrauch < 20 000 MWh",
  "4162905": "Band IE : 20 000 MWh < Verbrauch < 70 000 MWh",
  "4162906": "Band IF : 70 000 MWh < Verbrauch < 150 000 MWh",
  "4162907": "Band IG : Verbrauch > 150 000 MWh",

  "KWH1000-2499": "Band DB: 1 000 kWh < Verbrauch <2 500 kWh",
  "KWH2500-4999": "Band DC: 2 500 kWh < Verbrauch <5 000 kWh",
  "KWH5000-14999": "Band DD: 5 000 kWh < Verbrauch <15 000 kWh",
  "KWH_LE15000": "Band DE: Verbrauch > 15 000 kWh",
  "KWH_LT1000": "Band DA: Verbrauch < 1 000 kWh",
  "TOT_KWH": "Alle Bänder: Verbrauch von kWh",
  "TOT_GJ": "Alle Bands: Verbrauch von GJ",

  "TOT_MWH": "Bänder IA-IF: Verbrauch = <149 999 MWh",
  "MWH_LT20": "Band IA: Verbrauch < 20 MWh",
  "MWH20-499": "Band IB: 20 ​​MWh < Verbrauch <500 MWh",
  "MWH500-1999": "Band-IC: 500 MWh < Verbrauch <2 000 MWh",
  "MWH2000-19999": "Band-ID: 2 000 MWh < Verbrauch <20 000 MWh",
  "MWH20000-69999": "Band IE: 20 000 MWh < Verbrauch <70 000 MWh",
  "MWH70000-149999": "Band IF: 70 000 MWh < Verbrauch <150 000 MWh",
  "MWH_GE150000": "Band IG: Verbrauch > 150 000 MWh",

  "GJ_LT1000": "Band I1: Verbrauch < 1000 GJ",
  "GJ1000-9999": "Band I2: 1.000 GJ < Verbrauch <10.000 GJ",
  "GJ10000-99999": "Band I3: 10.000 GJ < Verbrauch <100.000 GJ",
  "GJ100000-999999": "Band I4: 100.000 GJ < Verbrauch <1.000.000 GJ",
  "GJ1000000-3999999": "Band I5: 1.000.000 GJ < Verbrauch <4.000.000 GJ",
  "GJ_GE4000000": "Band I6: Verbrauch > 4.000.000 GJ",

  "GJ_GCV": "Gigajoule (Bruttoheizwert = GCV)",
  "S_GJ_GCV": "GJ GCV",
  "KWH": "Kilowattstunde (KWh)",
  "S_KWH": "kWh",
  "MWH": "Megawattstunde (MWh)",
  "S_MWH": "MWh",

  "EUR": "Euro",
  "S_EUR": "\u20ac",
  "PPS": "Kaufkraftparität",
  "S_PPS": "PPS",
  "NAT": "National currency",
  "S_NAT": "NAT",

  "EXPORT_FOOTER_TITLE": "Quelle: Eurostat",

  "catg": "Kategorie",

  "tooltipCredits": "Maximaler Wert in dieser Reihe gefunden",

  "NoValues": "Keine Informationen zum Anzeigen",

  "mobileWarning": "Dieses Tool ist nicht für kleine Bildschirme konzipiert. Vielen Dank für Ihr Verständnis",

  "X_TAX": "Preis ohne Steuern und Abgaben",
  "X_VAT": "Mehrwertsteuer und andere erstattungsfähige Steuern und Abgaben",
  "I_TAX": "Restliche Steuern und Abgaben",

  "TAX_CATEGORY_1": "Preis ohne Steuern und Abgaben",
  "TAX_CATEGORY_2": "Mehrwertsteuer und andere erstattungsfähige Steuern und Abgaben",
  "TAX_CATEGORY_3": "Restliche Steuern und Abgaben",
  "NRG_SUP": "Energie und Versorgung",
  "NETC": "Netzwerkkosten",
  "TAX_FEE_LEV_CHRG": "Steuern Gebühren Abgaben und Gebühren",
  "TAX_LEV_X_VAT": "Steuern und Abgaben ohne Mehrwertsteuer",
  "VAT": "Mehrwertsteuer - MwSt",
  "TAX_RNW": "Erneuerbare Steuern",
  "TAX_CAP": "Kapazitätssteuern",
  "TAX_ENV": "Umweltsteuern",
  "TAX_NUC": "Nukleare Steuern",
  "OTH": "Andere",
  "TOTAL": "Gesamt",

  "MENU_COUNTRY": "Lander auswählen",
  "MENU_FUEL": "Brennstoff auswählen",
  "MENU_CONSUMER": "Verbraucher auswählen",
  "MENU_BAND": "Verbrauchsebene auswählen",
  "MENU_UNIT": "Energieeinheit auswählen",
  "MENU_COUNTRY_SORTING": "Wählen Sie die Länderreihenfolge",
  "MENU_SAVE_DIAGRAM": "Diagramm speichern",
  "MENU_MORE": "Erfahren Sie mehr",

  "BOX_COUNTRY_TITLE": "Länder auswählen",
  "BOX_UNIT_TITLE": "Energieeinheit auswählen",
  "BOX_COUNTRY_SORTING": "Länder sortieren",
  "BOX_PRODUCT_TITLE": "Brennstoff auswählen",
  "BOX_CONSUMER_TITLE": "Verbraucher auswählen",
  "BOX_BAND_TITLE": "Verbrauchsebene auswählen",
  "BOX_MORE_TITLE": "Tutorial",
  "BOX_SELECTION_ALL_COUNTRY": "Alle Länder auswählen",
  "BOX_NORM_DATA": "Zu Prozentzahlen wechseln",
  "BOX_DENORM_DATA": "Zu absoluten Werten wechseln",
  "BOX_NAT_CURRENCY": "Zu Landeswährung wechseln",
  "BOX_DEF_CURRENCY": "Zur vorigen Währungseinheit wechseln",
  "MENU_YEARS": "Jahr auswählen",

  "TUTORIAL": "Tutorial",
  "MENU": "Daten auswählen",
  "TABLE": "Optionen anzeigen",  


  "downloadPNG": "Als PNG-Bild herunterladen",
  "downloadJPEG": "Als JPEG-Bild herunterladen",
  "downloadPDF": "Als PDF-Dokument herunterladen",
  "downloadSVG": "Als Vektordokument herunterladen",
  "downloadCSV": "CSV-Datei herunterladen",
  "downloadXLS": "Excel-Datei herunterladen",

  "DOWNLOAD": "Herunterladen",





  "ENPRICES_EXPLAINED": "Energiepreise kurz erklärt",
  "DEFINITIONS": "Definitionen",
  "METADATA": "Metadaten",
  "ENPRICES_DATASET": "Energiepreisdatenbank",
  "CONTACT": "Schreiben Sie uns",

  "SHOW_BAR_DETAIL": "Details anzeigen",
  "HIDE_BAR_DETAIL": "Details ausblenden",
  "TIME_GRAPHS": "Zeitkurven",
  "PIE_CHARTS": "Tortendiagramme",
  "BAR_CHARTS": "Verbrauchsebenen vergleichen",
  "BAR_CHART_TITLE_CONSOMS": "Verbrauchsebenen",
  "componentsShow": "Komponenten anzeigen",
  "componentsHide": "Komponenten ausblenden",

  "SAVE_PIE_CHART": "Tortendiagramm speichern",
  "SAVE_PNG_IMAGE": "Bild im PNG-Format speichern",
  "SAVE_DATA_TABLE": "Datentabelle speichern",
  "SAVE_DATA": "Daten speichern",
  "SAVE_TIME_GRAPH": "Zeitkurven speichern",
  "SAVE_BAR_CHART": "Histogramme speichern",
  "OPTIONS_DATA": "Optionen",

  "CSV_EXPORT_COUNTRY": "Land",
  "CSV_EXPORT_UNIT": "Einheit",
  "CSV_EXPORT_PRICE": "Preis",
  "CSV_EXPORT_YEAR": "Zeit",
  "CSV_EXPORT_CONSOM": "Verbrauchsebene",
  "CSV_EXPORT_PRICE_SHARE": "Preisanteil",

  "YEAR": "Jahr",
  "VALUE": "Wert",

  "MSG_BROWSER": "Dieser Browser unterstützt kein HTML5.",
  "MSG_LOADING": "Lädt",

  "MSG_01": "Entschuldigung!",
  "MSG_02": "Ihr Browser wird noch nicht unterstützt. Einige Funktionen sind möglicherweise nicht vorhanden oder fehlerhaft.",
  "MSG_03": "Die unterstützten Browser, mit denen das Tool eingehend getestet wurde, sind im Moment",
  "MSG_04": "empfohlen",

  "MSG_MOBILE_DEV_1": "Bei Darstellungsproblemen können Sie auch versuchen das Ger�t anders auszurichten, um die Anzeige zu optimieren.",
  "MSG_MOBILE_DEV_2": "Bitte beachten Sie, dass auf Mobilgeräten einige Tool-Funktionen möglicherweise nicht verfügbar sind.",

  "S1": "1. Halbjahr",
  "S2": "2. Halbjahr",

  "nrg_pc_202": "Gaspreise für haushaltliche Verbraucher - halbjährliche Daten (ab 2007)",
  "nrg_pc_203": "Gaspreise für nichthaushaltliche Verbraucher - halbjährliche Daten (ab 2007)",
  "nrg_pc_204": "Strompreise für haushaltliche Verbraucher - halbjährliche Daten (ab 2007)",
  "nrg_pc_205": "Strompreise für nichthaushaltliche Verbraucher - halbjährliche Daten (ab 2007)",
  "nrg_pc_202_c": "Gaspreise Komponenten für haushaltliche Verbraucher - halbjährliche Daten (ab 2007)",
  "nrg_pc_203_c": "Gaspreise Komponenten für nichthaushaltliche Verbraucher - halbjährliche Daten (ab 2007)",
  "nrg_pc_204_c": "Strompreise Komponenten für haushaltliche Verbraucher - halbjährliche Daten (ab 2007)",
  "nrg_pc_205_c": "Strompreise Komponenten für nichthaushaltliche Verbraucher - halbjährliche Daten (ab 2007)",


  "SORT_PROTOCOL": "Protokoll-Länderreihenfolge",
  "SORT_ALPHABETICAL": "Alphabetische Länderreihenfolge",
  "SORT_ASC": "Aufsteigende Datenwerte",
  "SORT_DESC": "Absteigende Datenwerte",

  "PROTO": "Protokoll-Länderreihenfolge",
  "ALPHA": "Alphabetische Länderreihenfolge",
  "ASC": "Aufsteigende Datenwerte",
  "DESC": "Absteigende Datenwerte",

  "WARNING": "WARNUNG",
  "PIE_CHART_DISCLAIMER": "Tortendiagramm kann wegen negativer Beitr�ge nicht dargestellt werden",

  "FLAG_NA": "Nicht verfügbar",
  "FLAG_C": "Geheim",
  "FLAG_P": "vorläufig",
  "FLAG_E": "geschätzt",
  "FLAG_N": "unbedeutend",
  "FLAG_B": "Zeitreihenbruch",
  "FLAG_S": "Eurostat Schätzung",
  "FLAG_F": "Prognose",
  "FLAG_U": "geringe Zuverlässigkeit",
  "FLAG_D": "abweichende Definition, siehe Metadaten ",
  "FLAG_I": "siehe Metadaten",
  "FLAG_R": "revidiert",
  "FLAG_Z": "nicht zutreffend",

  "pie": "Kreisdiagramm anzeigen",
  "barchart": "Balkendiagramm anzeigen",
  "linechart": "Liniendiagramm anzeigen",
  "db": "Datensatz",
  "meta": "Metadaten",
  "details": "Details anzeigen",
  "hidDetails": "Details ausblenden",
  "info": "Informationen anzeigen",
  "totals": "Details anzeigen",
  "close": "schließen",
  "play": "Animation abspielen",
  "share": "Einbetten",
  "sharemodaltitle": "Diagramm einbetten",
  "msg": "Text in die Zwischenablage kopiert",
  "legTooltip": "Serie ein- / ausblenden",

"twitter": "X",
"linkedin": "LinkedIn",
"facebook": "Facebook",

  "inftitle": "Energiedaten",

  "TABTITLE0": "Definitionen",

  "LINKS": "Links",
  "COOKIES": "Cookies",
	"PRIVACY": "Datenschutz",
	"LEGAL": "Rechtlicher Hinweis",
  "ACCESS": "Zugänglichkeit",

  "tutBACK": "Zurück",
  "tutNEXT": "Weiter",
  "tutFINISH": "Schließen",

  "VIEWDATA": "Tabelle anzeigen",

  "TABTITLE1": "Energiedaten",
  "TAB1": "Energiestatistiken stehen aufgrund ihrer strategischen Bedeutung für ein wettbewerbsfähiges und nachhaltiges Wirtschaftswachstum im Fokus. In den letzten Jahren sah sich die Europäische Union einer Reihe wichtiger Energiefragen gegenüber. Diese haben das Thema Energie auf den nationalen und europäischen Tagesordnungen weit nach oben gerückt . Energiestatistiken liefern den politischen Entscheidungsträgern wichtige Informationen. Um die stetig steigenden Ansprüche der politischen Entscheidungsträger an die statistische Überwachung im Energiebereich zu erfüllen, hat Eurostat ein schlüssiges und harmonisiertes Energiestatistiksystem entwickelt. Die jährlichen, halbjährlichen und monatlichen Datensammlungen umfassen die EU-Mitgliedstaaten, die Staaten des Europäischen Wirtschaftsraums, Kandidatenländer, potentielle Kandidaten und die Vertragsparteien der Energiegemeinschaft.",

  "TABTITLE2": "Jährliche Energiedaten",
  "TAB2": "Sie sind jährliche Daten für Rohöl, Erdölerzeugnisse, Erdgas, Strom, abgeleitete Wärme, feste Brennstoffe sowie Energie aus erneuerbaren Quellen und Abfall, wobei alle Positionen der Energiebilanz von der Erzeugung über die Umwandlung bis zum Endenergieverbrauch nach Sektoren und Brennstoffarten abgedeckt werden. Jährliche Statistiken für Kernenergie sind ebenfalls verfügbar. Eurostat hat ein <a href=\"//ec.europa.eu/eurostat/cache/sankey/energy/sankey.html\" target=\"_blank\"><u>interaktives Tool</u></a>  entwickelt, um jährliche Energiedaten durch Flussdiagramme (sogenannte Sankey-Diagramme) zu visualisieren. Das Tool ermöglicht es Ihnen, Ihr eigenes Diagramm zusammenzustellen und verschiedene Optionen (Land, Jahr, Kraftstoff, Detailgrad, etc.) auszuprobieren.",

  "TABTITLE3": "Monatliche Energiedaten",
  "TAB3": "Eurostat sammelt und veröffentlicht monatliche Energiedaten zur Versorgung und in begrenztem Umfang zum Verbrauch verschiedener Kraftstoffe; Diese Daten umfassen derzeit die Kohlen / feste fossile Brennstoffe, Erdgas, Öl und Ölprodukte und Strom. Eurostat hat ein interaktives Tool entwickelt, um monatliche Energiedaten durch Diagramme zu visualisieren.",

  "TABTITLE4": "Energiepreisen",
  "TAB4": "Sie sind halbjährliche und jährliche Zahlen zu Elektrizitäts-(or: Strom-) und Erdgaspreisen werden geliefert sowohl für Nicht-Haushaltskunden als auch für Haushaltskunden und für verschiedene Verbrauchsspannen. Halbjährliche Preise werden ohne Steuern, mit Mehrwertsteuer und einschließlich aller Steuern angegeben. Jährliche Daten bestehen aus mehr Preiskomponenten wie den Energiekosten, den Kosten für das Stromnetz und den Steuern. Zusätzlich werden nationale Durchschnittspreise für diese Preiskomponenten angegeben. Eurostat hat ein <a href=\"//ec.europa.eu/eurostat/cache/infographs/energy_prices/enprices.html\" target=\"_blank\"><u>interaktives Tool</u></a> entwickelt, um Zahlen zu Elektrizitäts-(or: Strom-) und Erdgaspreisen durch Diagramme zu visualisieren.",

  "TABTITLE5": "Energieindikatoren",
  "TAB5": "Eurostat produziert einige ausgewählte Energieindikatoren aus den Hauptbereichen der europäischen Politik (Beispiel: Anteil der Energie aus erneuerbaren Quellen). Eurostat hat ein interaktives Tool entwickelt, um Energieindikatoren durch Diagramme zu visualisieren.",

  "lvl1_X_TAX": "Preise ohne alle Steuern, Gebühren, Abgaben und Gebühren Dieses Preisniveau umfasst nur die Energie- und Versorgungskomponente und die Netzwerkkomponente.",
  "lvl1_X_VAT": "Mehrwertsteuer und andere erstattungsfähige Steuern und Abgaben Enthält alle erstattungsfähigen Steuern, Gebühren, Abgaben und Gebühren, einschließlich Mehrwertsteuer.",
  "lvl1_I_TAX": "Restliche Steuern und Abgaben Enthält Steuern, Gebühren, Abgaben und Gebühren, die für Endkunden außerhalb des Haushalts als nicht erstattungsfähig gelten. Für Haushaltskunden umfasst dieses Preisniveau die Energie- und Netzwerkkomponenten sowie Steuern, Gebühren und Abgaben und Gebühren, jedoch ohne Mehrwertsteuer. ",
  "lvl1_NRG_SUP": "Energie und Versorgung Diese Komponente umfasst die folgenden Endnutzerkosten: Erzeugung, Aggregation, Energieausgleich, gelieferte Energiekosten, Kundendienst, Kundendienstmanagement und andere Versorgungskosten.",
  "lvl1_NETC": "Netzwerkkosten Der Netzwerkpreis umfasst die folgenden Endbenutzerkosten: Übertragungs- und Verteilungstarife, Übertragungs- und Verteilungsverluste, Netzwerkkosten, Kundendienstkosten, Systemdienstkosten sowie Kosten für Miet- und Messgeräte." ,
  "lvl1_TAX_FEE_LEV_CHRG": "Steuern, Gebühren, Abgaben und Gebühren Diese Komponente ist die Summe aller Unterkomponenten (Steuern, Gebühren, Abgaben und Gebühren)",
  "lvl1_TAX_LEV_X_VAT": "Steuern und Abgaben ohne Mehrwertsteuer Dieses Preisniveau umfasst die Energie- und Versorgungskomponente, die Netzkomponente sowie Steuern, Gebühren, Abgaben und Gebühren, die für Endkunden außerhalb des Haushalts als nicht erstattungsfähig gelten. Für Haushaltskunden dieses Preisniveau umfasst die Energie- und Netzkomponenten sowie Steuern, Gebühren, Abgaben und Gebühren, jedoch ohne Mehrwertsteuer ... ",
  "lvl1_VAT": "Mehrwertsteuer - Mehrwertsteuer Mehrwertsteuer im Sinne der Richtlinie 2006/112 / EG.",
  "lvl1_TAX_RNW": "Erneuerbare Steuern Steuern, Gebühren, Abgaben oder Gebühren im Zusammenhang mit der Förderung erneuerbarer Energiequellen, der Energieeffizienz und der KWK-Erzeugung.",
  "lvl1_TAX_CAP": "Kapazitätssteuern Steuern, Gebühren, Abgaben oder Gebühren in Bezug auf strategische Lagerbestände, Kapazitätszahlungen und Energiesicherheit; Steuern auf die Erdgasverteilung; gestrandete Kosten und Abgaben auf die Finanzierung von Energieregulierungsbehörden oder Markt- und Systembetreibern.",
  "lvl1_TAX_ENV": "Umweltsteuern Steuern, Gebühren, Abgaben oder Abgaben in Bezug auf die Luftqualität und für andere Umweltzwecke; Steuern auf Emissionen von CO2 oder anderen Treibhausgasen.",
  "lvl1_TAX_NUC": "Nuklearsteuern Steuern, Gebühren, Abgaben oder Abgaben im Zusammenhang mit dem Nuklearsektor, einschließlich Stilllegung, Inspektionen und Gebühren für Nuklearanlagen.",
  "COOKIETEXT": "Im Interesse der Benutzerfreundlichkeit verwenden wir auf unseren Seiten Cookies. Erfahren Sie mehr \u00fcber <a href=\"//ec.europa.eu/cookies/index_de.htm\" target=\"_blank\">unsere Cookie-Politik.</a>",
  "COOKIECOMPLETEclose": "Schlie\u00dfen",
  "COOKIECOMPLETEacceptAll": "Alle Cookies akzeptieren",
  "COOKIECOMPLETEonlyTechnical": "Nur unbedingt notwendige Cookies akzeptieren",
  "COOKIECOMPLETE": "Ihre Cookie-Pr\u00e4ferenzen wurden gespeichert. Sie k\u00f6nnen sie jederzeit \u00e4ndern. Informieren Sie sich \u00fcber unsere <a href=\"//ec.europa.eu/info/cookies_de\" target=\"_blank\">Cookie-Politik</a> oder klicken Sie auf den Link in der Fu\u00dfzeile.",

  "header-title-label": "Energiepreise",
  "MAINMENU": "Menü",
  "COUNTRY": "Land",
  "FUEL": "Kraftstoff",
  "CONSUMER": "Verbraucher",
  "REFERENCE": "Referenzzeitraum",
  "CONSUME": "Verbrauchsniveau",
  "UNIT": "Einheit",
  "all": "Alle Länder auswählen",
  "KWH_GE15000" : "Band DE: Verbrauch von 15.000 kWh oder mehr",
  "FEED": "Feedback",
  "TOOLS": "Werkzeuge",
  "DB": "zugriff auf Datensatz",
  "%": "in Prozent",
  "TOGGLEAGREGATES": "EU-Gesamtwert anzeigen",

  "SELITEN": "Wählen Sie ein Element aus",
  "NORESULTS": "Keine Ergebnisse gefunden",
  "SELALL": "Alles auswählen",
  "CLEAR": "Löschen",
  "CLOSE": "Schließen",
  "KEYWORD": "Geben Sie ein Schlüsselwort ein",

  "infoBtn": "Informationen anzeigen",
  "downloadBtn": "Diagrammbild herunterladen",
  "shareBtn": "Diagramm teilen",
  "embebedBtn": "Diagramm einbetten (iframe)",
  "shareChart": "In sozialen Medien teilen",
  "toggleAgregates": "EU-Gesamtwert anzeigen",
  "tb-togle-order": "Reihenfolge des Diagramms auswählen",
  "tb-togle-table": "Tabelle anzeigen",
  "toggleTableBtn": "Tabelle anzeigen",
  "barChart": "Balkendiagramm anzeigen",
  "pieChart": "Kreisdiagramm anzeigen",
  "lineChart": "Liniendiagramm anzeigen",
  "table": "Tabelle anzeigen",
  "createprintChart": "Diagramm drucken",
  "downloadChart": "Diagrammbild herunterladen",
  "downloadExcel": "Diagrammdaten herunterladen",
  "embebedeChart": "Diagramm einbetten (iframe)",
  "closeChart": "Schließen",
  "VAL": "Wert",
  "VALS": "Werte",
  "SHARETITLE": "Diese Seite teilen",

  "IND": "Kraftstoff",
  "CTR": "Länder",

  "SELECTLANGUAGE": "Sprache auswählen",
  "OFFICIAL": "Amtssprachen der EU:",
  "CHANGE_LANGUAGE": "Sprache ändern",
  "CURRENT_LANGUAGE_IS": "aktuelle Sprache ist",
  "LANG_ENGLISH": "English",
  "LANG_DEUTSCH": "Deutsch", 
  "LANG_FRANCAIS": "Français",

  "AGGREGATE": "Aggregatz",
  "EUCTR": "EU-Länder",
  "EFTA": "EFTA-Länder",
  "ENLARGEMENT": "Erweiterungsländer",
  "OTHERCTR": "Andere Drittländer",
  "PERCENTAGE": "Prozentsatz"
 

}
