{
  "EU28": "Union européenne (28 pays)",
  "EU27_2020": "Union européenne (27 pays)",
  "EA": "Zone euro  (19 pays)",
  "BE": "Belgique",
  "BG": "Bulgarie",
  "CZ": "Tchéquie",
  "DK": "Danemark",
  "DE": "Allemagne",
  "EE": "Estonie",
  "IE": "Irlande",
  "EL": "Grèce",
  "ES": "Espagne",
  "FR": "France",
  "HR": "Croatie",
  "IT": "Italie",
  "CY": "Chypre",
  "LV": "Lettonie",
  "LT": "Lituanie",
  "LU": "Luxembourg",
  "HU": "Hongrie",
  "MT": "Malte",
  "NL": "Pays-Bas",
  "AT": "Autriche",
  "PL": "Pologne",
  "PT": "Portugal",
  "RO": "Roumanie",
  "SI": "Slovénie",
  "SK": "Slovaquie",
  "FI": "Finlande",
  "SE": "Suède",
  "UK": "Royaume-Uni",
  "IS": "Islande",
  "LI": "Liechtenstein",
  "NO": "Norvège",
  "ME": "Monténégro",
  "MK": "Macédoine du Nord",
  "RS": "Serbie",
  "TR": "Turquie",
  "BA": "Bosnie-Herzégovine",
  "XK": "Kosovo (RCSNU 1244/99)",
  "MD": "Moldavie",
  "UA": "Ukraine",
  "GE": "Géorgie",
  "AL": "Albanie",

  "4100": "Gaz naturel",
  "6000": "Électricité",

  "PRICE_4100": "Prix du gaz",
  "PRICE_6000": "Prix de l'électricité",

  "HOUSEHOLD": "Consommateurs résidentiels",
  "N_HOUSEHOLD": "Consommateurs non-résidentiels",

  "4141900": "Toutes bandes : Consommation de GJ",
  "4141901": "Bande D1 : Consommation < 20 GJ",
  "4141902": "Bande D2 : 20 GJ < Consommation < 200 GJ",
  "4141903": "Bande D3 : Consommation > 200 GJ",
  "GJ_LT20": "Bande D1 : Consommation < 20 GJ",
  "GJ20-199": "Bande D2 : 20 GJ < Consommation < 200 GJ",
  "GJ_GE200": "Bande D3 : Consommation > 200 GJ",

  "4142900": "Bands I1-I5 : Consommation +< 3 999 999 GJ",
  "4142901": "Bande I1 : Consommation < 1 000 GJ",
  "4142902": "Bande I2 : 1 000 GJ < Consommation < 10 000 GJ",
  "4142903": "Bande I3 : 10 000 GJ < Consommation < 100 000 GJ",
  "4142904": "Bande I4 : 100 000 GJ < Consommation < 1 000 000 GJ",
  "4142905": "Bande I5 : 1 000 000 GJ < Consommation < 4 000 000 GJ",
  "4142906": "Bande I6 : Consommation > 4 000 000 GJ",

  "4161900": "Toutes bandes : Consommation de kWh",
  "4161901": "Bande DA : Consommation < 1 000 kWh",
  "4161902": "Bande DB : 1 000 kWh < Consommation < 2 500 kWh",
  "4161903": "Bande DC : 2 500 kWh < Consommation < 5 000 kWh",
  "4161904": "Bande DD : 5 000 kWh < Consommation < 15 000 kWh",
  "4161905": "Bande DE : Consommation > 15 000 kWh",

  "4162900": "Bands IA-IF : Consommation =< 149 999 MWh",
  "4162901": "Bande IA : Consommation < 20 MWh",
  "4162902": "Bande IB : 20 MWh < Consommation < 500 MWh",
  "4162903": "Bande IC : 500 MWh < Consommation < 2 000 MWh",
  "4162904": "Bande ID : 2 000 MWh < Consommation < 20 000 MWh",
  "4162905": "Bande IE : 20 000 MWh < Consommation < 70 000 MWh",
  "4162906": "Bande IF : 70 000 MWh < Consommation < 150 000 MWh",
  "4162907": "Bande IG : Consommation > 150 000 MWh",

  "KWH1000-2499": "Bande DB: 1 000 kWh < Consommation <2 500 kWh",
  "KWH2500-4999": "Bande DC: 2 500 kWh < Consommation <5 000 kWh",
  "KWH5000-14999": "Bande DD: 5 000 kWh < Consommation <15 000 kWh",
  "KWH_LE15000": "Bande DE: Consommation > 15 000 kWh",
  "KWH_LT1000": "Bande DA: Consommation < 1 000 kWh",
  "TOT_KWH": "Toutes les bandes: Consommation de kWh",
  "TOT_GJ": "Toutes les bandes: consommation de GJ",

  "TOT_MWH": "Bandes IA-IF: Consommation =< 149 999 MWh",
  "MWH_LT20": "Bande IA: Consommation < 20 MWh",
  "MWH20-499": "Bande IB: 20 ​​MWh < Consommation <500 MWh",
  "MWH500-1999": "Bande IC: 500 MWh < Consommation <2 000 MWh",
  "MWH2000-19999": "Band ID: 2 000 MWh < Consommation <20 000 MWh",
  "MWH20000-69999": "Bande IE: 20 000 MWh < Consommation <70 000 MWh",
  "MWH70000-149999": "Bande IF: 70 000 MWh < Consommation <150 000 MWh",
  "MWH_GE150000": "Bande IG: Consommation > 150 000 MWh",




	"GJ_LT1000": "Bande I1 : Consommation < 1 000 GJ",
	"GJ1000-9999": "Bande I2 : 1 000 GJ < Consommation < 10 000 GJ",
	"GJ10000-99999": "Bande I3 : 10 000 GJ < Consommation < 100 000 GJ",
	"GJ100000-999999": "Bande I4 : 100 000 GJ < Consommation < 1 000 000 GJ",
	"GJ1000000-3999999": "Bande I5 : 1 000 000 GJ < Consommation < 4 000 000 GJ",
	"GJ_GE4000000": "Bande I6 : Consommation > 4 000 000 GJ",



  "GJ_GCV": "Gigajoules (pouvoir calorifique supérieur = PCS)",
  "S_GJ_GCV": "GJ PCS",
  "KWH": "Kilowattheure (KWh)",
  "S_KWH": "kWh",
  "MWH": "Mégawattheure (MWh)",
  "S_MWH": "MWh",

  "EUR": "Euro",
  "S_EUR": "\u20ac",
  "PPS": "Standard de pouvoir d’achat",
  "S_PPS": "SPA",
  "NAT": "Devise nationale",
  "S_NAT": "NAT",

  "EXPORT_FOOTER_TITLE": "Source: Eurostat",

  "catg": "catégorie",

  
"tooltipCredits": "Valeur maximale trouvée dans cette série",

"NoValues": "Pas d'information à afficher",

"mobileWarning": "Cet outil n'est pas conçu pour les petits écrans. Merci de votre compréhension",

  "X_TAX": "Prix excluant les taxes et prélévements",
  "X_VAT": "TVA et autres taxes récupérables et prélévements",
  "I_TAX": "Reste des taxes et prélévements",
  "TAX_CATEGORY_1": "Prix excluant les taxes et prélévements",
  "TAX_CATEGORY_2": "TVA et autres taxes récupérables et prélévements",
  "TAX_CATEGORY_3": "Reste des taxes et prélévements",
  "NRG_SUP": "Energie et approvisionnement",
  "NETC": "Coûts de réseau",
  "TAX_FEE_LEV_CHRG": "Taxes frais et redevances",
  "TAX_LEV_X_VAT": "Taxes et prélèvements hors TVA",
  "VAT": "Taxe sur la valeur ajoutée - TVA",
  "TAX_RNW": "Taxes renouvelables",
  "TAX_CAP": "Capacité taxes",
  "TAX_ENV": "Taxes environnementales",
  "TAX_NUC": "Taxes nucléaires",
  "OTH": "Autre",
  "TOTAL": "Total",

  "MENU_COUNTRY": "Sélectionner pays",
  "MENU_FUEL": "Sélectionner carburant",
  "MENU_CONSUMER": "Sélectionner consommateur",
  "MENU_BAND": "Sélectionner niveau de consommation",
  "MENU_UNIT": "Sélectionner unité",
  "MENU_COUNTRY_SORTING": "Sélectionner les pays commander",
  "MENU_SAVE_DIAGRAM": "Enregistrer ce diagramme",
  "MENU_MORE": "En savoir plus",

  "BOX_COUNTRY_TITLE": "Sélectionner pays",
  "BOX_UNIT_TITLE": "Sélectionner unité",
  "BOX_COUNTRY_SORTING": "Trier pays",
  "BOX_PRODUCT_TITLE": "Sélectionner carburant",
  "BOX_CONSUMER_TITLE": "Sélectionner consommateur",
  "BOX_BAND_TITLE": "Sélectionner niveau de consommation",
  "BOX_MORE_TITLE": "Tutoriel",
  "BOX_SELECTION_ALL_COUNTRY": "Tous les pays",
  "BOX_NORM_DATA": "Changer en percentages",
  "BOX_DENORM_DATA": "Changer en valeurs absolues",
  "BOX_NAT_CURRENCY": "Changer en devise nationale",
  "BOX_DEF_CURRENCY": "Changer par la précédente devise",
  "MENU_YEARS": "Sélectionner l'année",

  "TUTORIAL": "Tutoriel",
  "MENU": "Sélectionnez les données",
  "TABLE": "Options d'affichage",  

  "downloadPNG": "Télécharger en image PNG",
  "downloadJPEG": "Télécharger en image JPEG",
  "downloadPDF": "Télécharger en document PDF",
  "downloadSVG": "Télécharger en document vectoriel",
  "downloadCSV": "Télécharger CSV",
  "downloadXLS": "Télécharger le fichier Excel",

  "DOWNLOAD": "Télécharger",





  "ENPRICES_EXPLAINED": "Prix de l'énergie en détail",
  "DEFINITIONS": "Définitions",
  "METADATA": "Métadonnées",
  "ENPRICES_DATASET": "Base de données des prix de l'énergie",
  "CONTACT": "Contactez-nous",

  "SHOW_BAR_DETAIL": "Montrer les détails",
  "HIDE_BAR_DETAIL": "Masquer les détails",
  "TIME_GRAPHS": "Graphiques temporels",
  "PIE_CHARTS": "Graphiques circulaires",
  "BAR_CHARTS": "Comparer les niveaux de consommation",
  "BAR_CHART_TITLE_CONSOMS": "Niveaux de consommation",
  "componentsShow": "Montrer les composants",
  "componentsHide": "Masquer les composants",

  "SAVE_PIE_CHART": "Enregistrer graphique circulaire",
  "SAVE_PNG_IMAGE": "Enregistrer l'image en PNG",
  "SAVE_DATA_TABLE": "Enregistrer données dans un tableau",
  "SAVE_DATA": "Enregistrer les données",
  "SAVE_TIME_GRAPH": "Enregistrer graphique temporel",
  "SAVE_BAR_CHART": "Enregistrer histogramme",
  "OPTIONS_DATA": "Options",

  "CSV_EXPORT_COUNTRY": "Pays",
  "CSV_EXPORT_UNIT": "Unité",
  "CSV_EXPORT_PRICE": "Prix",
  "CSV_EXPORT_YEAR": "Période",
  "CSV_EXPORT_CONSOM": "Niveau de consommation",
  "CSV_EXPORT_PRICE_SHARE": "Part du prix",

  "YEAR": "Année",
  "VALUE": "Valeur",

  "MSG_BROWSER": "Le navigateur ne supporte pas HTML5.",
  "MSG_LOADING": "Chargement",

  "MSG_01": "Désolé!",
  "MSG_02": "Votre navigateur n'est pas encore supporté. Certaines fonctionnalités de l'outils pourraient ne pas étre disponibles ou ne pas fonctionner correctement",
  "MSG_03": "Actuellement les navigateurs supportés,pour lesquels l'outils a été complétement testé, sont",
  "MSG_04": "recommandé",

  "MSG_MOBILE_DEV_1": "En cas de problémes de visualisation, essayez de changer l'orientation de l'appreil pour optimiser l'affichage.",
  "MSG_MOBILE_DEV_2": "Soyez avertis que sur les appareils mobiles, certaines fonctionnalités pourraient ne pas étre disponibles.",

  "S1": "1er Semestre",
  "S2": "2e Semestre",

  "nrg_pc_202": "Prix du gaz des consommateurs résidentiels - données bi-annuelles (à partir de 2007)",
  "nrg_pc_203": "Prix du gaz des consommateurs non résidentiels - données bi-annuelles (à partir de 2007)",
  "nrg_pc_204": "Prix de l'électricité des consommateurs résidentiels - données bi-annuelles (à partir de 2007)",
  "nrg_pc_205": "Prix de l'électricité des consommateurs non résidentiels - données bi-annuelles (à partir de 2007)",
  "nrg_pc_202_c": "Prix sur les composants du gaz des consommateurs résidentiels - données bi-annuelles (à partir de 2007)",
  "nrg_pc_203_c": "Prix sur les composants du gaz des consommateurs non résidentiels - données bi-annuelles (à partir de 2007)",
  "nrg_pc_204_c": "Prix sur les composants de l'électricité des consommateurs résidentiels - données bi-annuelles (à partir de 2007)",
  "nrg_pc_205_c": "Prix sur les composants de l'électricité des consommateurs non résidentiels - données bi-annuelles (à partir de 2007)",

  "SORT_PROTOCOL": "Ordre des pays par protocolaire",
  "SORT_ALPHABETICAL": "Ordre alphabétique des pays",
  "SORT_ASC": "Valeurs de données croissantes",
  "SORT_DESC": "Valeurs de données décroissantes",

  "PROTO": "Ordre des pays par protocole",
  "ALPHA": "Ordre alphabétique des pays",
  "ASC": "Valeurs de données ascendantes",
  "DESC": "Valeurs de données descendantes",

  "VIEWDATA": "Afficher le tableau",

  "WARNING": "ATTENTION",
  "PIE_CHART_DISCLAIMER": "Diagramme circulaire non affiché en raison de valeurs négatives",

  "FLAG_NA": "Non disponible",
  "FLAG_C": "Confidentiel",
  "FLAG_P": "Provisoire",
  "FLAG_E": "Estimé",
  "FLAG_N": "Non significatif",
  "FLAG_B": "Rupture de série",
  "FLAG_S": "Estimation Eurostat",
  "FLAG_F": "Prévision",
  "FLAG_U": "Peu fiable",
  "FLAG_D": "Définition différente, voir métadonnées ",
  "FLAG_I": "Voir métadonnées",
  "FLAG_R": "Révisé",
  "FLAG_Z": "Non applicable",

  "pie": "Afficher le graphique à secteurs",
  "barchart": "Afficher le graphique à barres",
  "linechart": "Afficher le graphique en courbes",
  "db": "Dataset",
  "meta": "Metadata",
  "details": "Afficher les détails",
  "hidDetails": "Masquer les détails",
  "info": "Afficher les informations",
  "totals": "Afficher les détails",
  "close": "Fermer",
  "play": "Lire l'animation",
  "share": "Insérer",
  "legTooltip": "Show/hide series",

"twitter": "X",
"linkedin": "LinkedIn",
"facebook": "Facebook",

  "LINKS": "Liens",
  "COOKIES": "Cookies",
	"PRIVACY": "Protection de la vie privée",
	"LEGAL": "Avis juridique",
  "ACCESS": "Accessibilité",

  "sharemodaltitle": "Intégrer le graphique",
  "msg": "Texte copié dans le presse-papiers",

  "inftitle": "Données énergétiques",

  "TABTITLE0": "Définitions",

  "TABTITLE1": "Données énergétiques",
  "TAB1": "Les statistiques de l'énergie sont au cœur de l'actualité en raison de leur importance stratégique pour une croissance économique compétitive et durable. Ces dernières années, l'Union européenne a été confrontée à de nombreux enjeux énergétiques importants, qui ont fait de l'énergie une priorité dans les agendas politiques et national. Les statistiques de l'énergie ont alors permis de fournir des informations essentielles aux responsables politiques. Afin de répondre aux besoins croissants des responsables politiques de disposer de données sur de l'énergie, Eurostat a élaboré un système cohérent et harmonisé de statistiques de l'énergie. Les collectes de données annuelles, semestrielles et mensuelles couvrent les États membres de l'UE, les pays de l'Espace économique européen, les pays candidats et les candidats potentiels à l'adhésion ainsi que les parties contractantes de la Communauté de l'énergie.",

  "TABTITLE2": "Données énergétiques anuelles",
  "TAB2": "Ce sont des données annuelles sur le pétrole brut, les produits pétroliers, le gaz naturel, l'électricité, la chaleur dérivée, les combustibles fossiles solides, les énergies renouvelables et les déchets, couvrant la totalité des postes des bilans énergétiques, de l'approvisionnement à la consommation finale d'énergie en passant par la transformation par secteur et par type de combustible. Eurostat a mis au point un <a href=\"//ec.europa.eu/eurostat/cache/sankey/energy/sankey.html\" target=\"_blank\"><u>outil interactif</u></a> pour visualiser les données annuelles de l'énergie au moyen de diagrammes de flux (également appelés diagrammes Sankey). L'outil vous permet de créer et de personnaliser votre propre diagramme en jouant avec différentes options (pays, année, carburant, niveau de détail, etc.).",

  "TABTITLE3": "Données énergétiques mensuelles",
  "TAB3": "Eurostat collecte et publie des données mensuelles concernant l'approvisionnement et dans une certaine mesure la demande de différents produits énergétiques; ces données couvrent actuellement le charbon / combustibles fossiles solides, le gaz naturel, le pétrole et les produits pétroliers et l'électricité. Eurostat a mis au point un outil interactif pour visualiser les données mensuelles.",

  "TABTITLE4": "Prix de l’énergie",
  "TAB4": "Ce sont des données semestrielles et annuelle sur les prix de l'électricité et du gaz naturel facturés aussi bien aux clients non-résidentiels qu'aux clients résidentiels et pour différentes catégories de consommation. Les prix semestriels sont annoncés hors taxes, TVA comprise et toutes taxes comprises. Les prix annuels sont des composants plus détaillés du prix de l’énergie, du réseau et des taxes. Ils comprennent aussi un prix moyen national par sous-composant. Eurostat a mis au point un <a href=\"//ec.europa.eu/eurostat/cache/infographs/energy_prices/enprices.html\" target=\"_blank\"><u>outil interactif</u></a> pour visualiser les données sur les prix de l’électricité et du gaz naturel.",

  "TABTITLE5": "Indicateurs énergétiques",
  "TAB5": "Eurostat produit un sélection d'indicateurs énergétiques couvrant les principaux domaines de la politique européenne (par exemple, la part d'énergie produite à partir de sources d'énergie renouvelables). Eurostat a mis au point un outil interactif pour visualiser les plus importants indicateurs énergétiques.",

  "tutBACK": "Retour",
  "tutNEXT": "Suivant",
  "tutFINISH": "Fermer",

  "lvl1_X_TAX": "Prix hors toutes taxes, redevances, prélèvements et charges. Ce niveau de prix comprend uniquement la composante énergie et approvisionnement et la composante réseau.",
  "lvl1_X_VAT": "TVA et autres taxes et prélèvements récupérables Comprend toutes les taxes, frais, prélèvements et charges récupérables, y compris la TVA (taxe sur la valeur ajoutée).",
  "lvl1_I_TAX": "Reste des taxes et prélèvements Comprend les taxes, redevances, prélèvements et charges considérées comme non récupérables pour les clients finaux non résidentiels. Pour les clients résidentiels, ce niveau de prix comprend les composants d'énergie et de réseau ainsi que les taxes, redevances et prélèvements. et frais mais hors TVA. ",
  "lvl1_NRG_SUP": "Énergie et approvisionnement Cette composante comprend les coûts suivants pour l'utilisateur final: production, agrégation, énergie d'équilibrage, coûts de l'énergie fournie, services à la clientèle, gestion après-vente et autres coûts d'approvisionnement.",
  "lvl1_NETC": "Coûts du réseau Le prix du réseau comprend les coûts suivants pour l'utilisateur final: tarifs de transport et de distribution, pertes de transport et de distribution, coûts de réseau, frais de service après-vente, frais de service du système et frais de location et de comptage des compteurs." ,
  "lvl1_TAX_FEE_LEV_CHRG": "Taxes, frais, prélèvements et charges Cette composante est la somme de tous les sous-composants (taxes, redevances, prélèvements et charges)",
  "lvl1_TAX_LEV_X_VAT": "Taxes et prélèvements hors TVA Ce niveau de prix comprend la composante énergie et fourniture, la composante réseau et les taxes, redevances, prélèvements et charges considérés comme non récupérables pour les clients finaux non résidentiels. Pour les clients résidentiels, ce niveau de prix inclut l'énergie et les composants du réseau ainsi que les taxes, redevances, prélèvements et charges, mais à l'exclusion de la TVA ... ",
  "lvl1_VAT": "Taxe sur la valeur ajoutée - TVA Taxe sur la valeur ajoutée telle que définie dans la directive 2006/112 / CE.",
  "lvl1_TAX_RNW": "Taxes renouvelables Taxes, redevances, prélèvements ou charges relatives à la promotion des sources d'énergie renouvelables, de l'efficacité énergétique et de la cogénération.",
  "lvl1_TAX_CAP": "Taxes de capacité Taxes, redevances, prélèvements ou redevances relatives aux stocks stratégiques, aux paiements de capacité et à la sécurité énergétique; taxes sur la distribution de gaz naturel; coûts échoués et prélèvements sur le financement des autorités de régulation de l'énergie ou des opérateurs de marché et de réseau.",
  "lvl1_TAX_ENV": "Taxes environnementales Taxes, redevances, redevances ou redevances relatives à la qualité de l'air et à d'autres fins environnementales; taxes sur les émissions de CO2 ou d'autres gaz à effet de serre.",
  "lvl1_TAX_NUC": "Taxes nucléaires Taxes, redevances, redevances ou redevances liées au secteur nucléaire, y compris le démantèlement nucléaire, les inspections et les redevances pour les installations nucléaires.",

  "COOKIETEXT": "Ce site utilise des cookies pour am\u00e9liorer la navigation. En savoir plus sur <a href=\"//ec.europa.eu/cookies/index_fr.htm\" target=\"_blank\">la mani\u00e8re dont nous utilisons les cookies</a>", 
  "COOKIECOMPLETEclose": "Fermer",
  "COOKIECOMPLETEacceptAll": "Accepter tous les cookies",
  "COOKIECOMPLETEonlyTechnical": "N\u2019accepter que les cookies essentiels",
  "COOKIECOMPLETE": "Vos pr\u00e9f\u00e9rences en mati\u00e8re de cookies ont \u00e9t\u00e9 sauvegard\u00e9es. Pour modifier vos pr\u00e9f\u00e9rences \u00e0 tout moment, consultez notre <a href=\"//ec.europa.eu/info/cookies_fr\" target=\"_blank\">politique sur les cookies</a> ou cliquez sur le lien dans le pied de page.",

  "header-title-label": "Prix de l'énergie",
  "MAINMENU": "Menu principal",
  "COUNTRY": "Pays",
  "FUEL": "Carburant",
  "CONSUMER": "Consommateur",
  "REFERENCE": "Période de référence",
  "CONSUME": "Niveau de consommation",
  "UNIT": "Unité",
  "all": "Sélectionner tous les pays",
  "KWH_GE15000" : "Tranche DE : Consommation de 15 000 kWh ou plus",
  "FEED": "Retour d'information",
  "TOOLS": "Outils",
  "DB": "accès à la base de données",
  "%": "en pourcentage",
"TOGGLEAGREGATES": "Afficher l'agrégat de l'UE",

  "SELITEN": "Sélectionnez un élément",
  "NORESULTS": "Aucun résultat trouvé",
  "SELALL": "Tout sélectionner",
  "CLEAR": "Effacer",
  "CLOSE": "Fermer",
  "KEYWORD": "Entrez un mot-clé",

  "infoBtn": "Afficher les infos",
  "downloadBtn": "Télécharger l'image du graphique",
  "shareBtn": "Partager le graphique",
  "embebedBtn": "Intégrer le graphique (iframe)",
  "shareChart": "Partager sur les réseaux sociaux",
  "toggleAgregates": "Afficher l'agrégat de l'UE",
  "tb-togle-order": "Sélectionner l'ordre du graphique",
  "tb-togle-table": "Afficher le tableau",
  "toggleTableBtn": "Afficher le tableau",
  "barChart": "Afficher le diagramme en barres",
  "pieChart": "Afficher le diagramme circulaire",
  "lineChart": "Afficher le diagramme linéaire",
  "table": "Afficher le tableau",
  "createprintChart": "Imprimer le graphique",
  "downloadChart": "Télécharger l'image du graphique",
  "downloadExcel": "Télécharger les données du graphique",
  "embebedeChart": "Intégrer le graphique (iframe)",
  "closeChart": "Fermer",
  "VAL": "Valeur",
  "VALS": "Valeurs",
  "SHARETITLE": "Partager cette page",

  "IND": "Carburant",
  "CTR": "Pays",

  "SELECTLANGUAGE": "Sélectionner la langue",
  "OFFICIAL": "Langues officielles de l'UE :",
  "CHANGE_LANGUAGE": "Changer de langue",
  "CURRENT_LANGUAGE_IS": "la langue actuelle est",
  "LANG_ENGLISH": "English",
  "LANG_DEUTSCH": "Deutsch", 
  "LANG_FRANCAIS": "Français",

  "AGGREGATE": "Agrégats",
  "EUCTR": "Pays de l'UE",
  "EFTA": "Pays de l'AELE",
  "ENLARGEMENT": "Pays en élargissement",
  "OTHERCTR": "Autres pays tiers"
 


}
